[Header],,,,,,,,,,
IEMFileVersion,4,,,,,,,,,
Date,,,,,,,,,,
Workflow,GenerateFASTQ,,,,,,,,,
Application,HiSeq_FASTQ_Only,,,,,,,,,
Assay,TruSeq_HT,,,,,,,,,
Description,,,,,,,,,,
Chemistry,,,,,,,,,,
,,,,,,,,,,
[Reads],,,,,,,,,,
151,,,,,,,,,,
151,,,,,,,,,,
,,,,,,,,,,
[Settings],,,,,,,,,,
Adapter,AGATCGGAAGAGCACACGTCTGAACTCCAGTCA,,,,,,,,,
AdapterRead2,AGATCGGAAGAGCGTCGTGTAGGGAAAGAGTGT,,,,,,,,,
,,,,,,,,,,
[Data],,,,,,,,,,
Lane,Sample_ID,Sample_Name,Sample_Plate,Sample_Well,I7_Index_ID,index,I5_Index_ID,index2,Sample_Project,Description
2,180615_HiC_methylome_mm_hs_E14_GM12878_A1_nobioin_1_snmCseq_MiSeq_pe_150_CL,,321045,,,GCCTATCAAT,,GAACGAAGAC,mCT_NOME_E14GM,
